{
    "name": "root",
    "metadata": {
        "timer_format_version": "0.1.0",
        "start_time_seconds": "1766976372",
        "python_version": "3.10.12 | packaged by Anaconda, Inc. | (main, Jul  5 2023, 19:01:18) [MSC v.1916 64 bit (AMD64)]",
        "command_line_arguments": "D:\\Miniconda\\envs\\mlagents\\Scripts\\mlagents-learn --run-id=lastCheck --force",
        "mlagents_version": "1.2.0.dev0",
        "mlagents_envs_version": "1.2.0.dev0",
        "communication_protocol_version": "1.5.0",
        "pytorch_version": "2.2.2+cu121",
        "numpy_version": "1.23.5",
        "end_time_seconds": "1766976810"
    },
    "total": 438.43339930003276,
    "count": 1,
    "self": 0.007222199987154454,
    "children": {
        "run_training.setup": {
            "total": 0.04322390002198517,
            "count": 1,
            "self": 0.04322390002198517
        },
        "TrainerController.start_learning": {
            "total": 438.3829532000236,
            "count": 1,
            "self": 0.5854489033226855,
            "children": {
                "TrainerController._reset_env": {
                    "total": 56.62595129996771,
                    "count": 1,
                    "self": 56.62595129996771
                },
                "TrainerController.advance": {
                    "total": 381.0097714966978,
                    "count": 45917,
                    "self": 0.5247654995764606,
                    "children": {
                        "env_step": {
                            "total": 370.0642533998471,
                            "count": 45917,
                            "self": 183.88753069675295,
                            "children": {
                                "SubprocessEnvManager._take_step": {
                                    "total": 185.8219828045112,
                                    "count": 45917,
                                    "self": 1.520087003824301,
                                    "children": {
                                        "TorchPolicy.evaluate": {
                                            "total": 184.3018958006869,
                                            "count": 45860,
                                            "self": 184.3018958006869
                                        }
                                    }
                                },
                                "workers": {
                                    "total": 0.35473989858292043,
                                    "count": 45916,
                                    "self": 0.0,
                                    "children": {
                                        "worker_root": {
                                            "total": 319.0159505009651,
                                            "count": 45916,
                                            "is_parallel": true,
                                            "self": 227.92746549798176,
                                            "children": {
                                                "steps_from_proto": {
                                                    "total": 0.00036040000850334764,
                                                    "count": 1,
                                                    "is_parallel": true,
                                                    "self": 0.00021100003505125642,
                                                    "children": {
                                                        "_process_rank_one_or_two_observation": {
                                                            "total": 0.00014939997345209122,
                                                            "count": 2,
                                                            "is_parallel": true,
                                                            "self": 0.00014939997345209122
                                                        }
                                                    }
                                                },
                                                "UnityEnvironment.step": {
                                                    "total": 91.08812460297486,
                                                    "count": 45916,
                                                    "is_parallel": true,
                                                    "self": 2.2548390130978078,
                                                    "children": {
                                                        "UnityEnvironment._generate_step_input": {
                                                            "total": 1.936802792479284,
                                                            "count": 45916,
                                                            "is_parallel": true,
                                                            "self": 1.936802792479284
                                                        },
                                                        "communicator.exchange": {
                                                            "total": 80.26976289611775,
                                                            "count": 45916,
                                                            "is_parallel": true,
                                                            "self": 80.26976289611775
                                                        },
                                                        "steps_from_proto": {
                                                            "total": 6.626719901280012,
                                                            "count": 45916,
                                                            "is_parallel": true,
                                                            "self": 4.444750103226397,
                                                            "children": {
                                                                "_process_rank_one_or_two_observation": {
                                                                    "total": 2.181969798053615,
                                                                    "count": 91832,
                                                                    "is_parallel": true,
                                                                    "self": 2.181969798053615
                                                                }
                                                            }
                                                        }
                                                    }
                                                }
                                            }
                                        }
                                    }
                                }
                            }
                        },
                        "trainer_advance": {
                            "total": 10.420752597274259,
                            "count": 45916,
                            "self": 0.6759968968690373,
                            "children": {
                                "process_trajectory": {
                                    "total": 3.0494950003921986,
                                    "count": 45916,
                                    "self": 3.0494950003921986
                                },
                                "_update_policy": {
                                    "total": 6.695260700013023,
                                    "count": 4,
                                    "self": 3.939804300200194,
                                    "children": {
                                        "TorchPPOOptimizer.update": {
                                            "total": 2.7554563998128287,
                                            "count": 120,