{
    "name": "root",
    "gauges": {
        "Walking.Policy.Entropy.mean": {
            "value": 4.28041410446167,
            "min": 4.28041410446167,
            "max": 4.370030879974365,
            "count": 2
        },
        "Walking.Policy.Entropy.sum": {
            "value": 213969.34375,
            "min": 213969.34375,
            "max": 218711.296875,
            "count": 2
        },
        "Walking.Environment.EpisodeLength.mean": {
            "value": 15.083333333333334,
            "min": 14.35279655808236,
            "max": 15.083333333333334,
            "count": 2
        },
        "Walking.Environment.EpisodeLength.sum": {
            "value": 46879.0,
            "min": 46704.0,
            "max": 46879.0,
            "count": 2
        },
        "Walking.Step.mean": {
            "value": 99945.0,
            "min": 49987.0,
            "max": 99945.0,
            "count": 2
        },
        "Walking.Step.sum": {
            "value": 99945.0,
            "min": 49987.0,
            "max": 99945.0,
            "count": 2
        },
        "Walking.Policy.ExtrinsicValueEstimate.mean": {
            "value": -2.7714710235595703,
            "min": -2.7714710235595703,
            "max": -2.31876277923584,
            "count": 2
        },
        "Walking.Policy.ExtrinsicValueEstimate.sum": {
            "value": -8924.13671875,
            "min": -8924.13671875,
            "max": -7862.9248046875,
            "count": 2
        },
        "Walking.Environment.CumulativeReward.mean": {
            "value": -2.5075436371551443,
            "min": -3.5244724274121393,
            "max": -2.5075436371551443,
            "count": 2
        },
        "Walking.Environment.CumulativeReward.sum": {
            "value": -7795.953167915344,
            "min": -11465.108806371689,
            "max": -7795.953167915344,
            "count": 2
        },
        "Walking.Policy.ExtrinsicReward.mean": {
            "value": -2.5075436371551443,
            "min": -3.5244724274121393,
            "max": -2.5075436371551443,
            "count": 2
        },
        "Walking.Policy.ExtrinsicReward.sum": {
            "value": -7795.953167915344,
            "min": -11465.108806371689,
            "max": -7795.953167915344,
            "count": 2
        },
        "Walking.Losses.PolicyLoss.mean": {
            "value": 0.023779585227991142,
            "min": 0.0233612812589854,
            "max": 0.023779585227991142,
            "count": 2
        },
        "Walking.Losses.PolicyLoss.sum": {
            "value": 0.11889792613995571,
            "min": 0.0934451250359416,
            "max": 0.11889792613995571,
            "count": 2
        },
        "Walking.Losses.ValueLoss.mean": {
            "value": 1.4988654228051503,
            "min": 1.4988654228051503,
            "max": 3.1520565897226334,
            "count": 2
        },
        "Walking.Losses.ValueLoss.sum": {
            "value": 7.494327114025752,
            "min": 7.494327114025752,
            "max": 12.608226358890533,
            "count": 2
        },
        "Walking.Policy.LearningRate.mean": {
            "value": 0.00025696129434624,
            "min": 0.00025696129434624,
            "max": 0.00028463085512304997,
            "count": 2
        },
        "Walking.Policy.LearningRate.sum": {
            "value": 0.0012848064717311998,
            "min": 0.0011385234204921999,
            "max": 0.0012848064717311998,
            "count": 2
        },
        "Walking.Policy.Epsilon.mean": {
            "value": 0.18565376000000003,
            "min": 0.18565376000000003,
            "max": 0.19487695,
            "count": 2
        },
        "Walking.Policy.Epsilon.sum": {
            "value": 0.9282688000000001,
            "min": 0.7795078,
            "max": 0.9282688000000001,
            "count": 2
        },
        "Walking.Policy.Beta.mean": {
            "value": 0.004284122623999999,
            "min": 0.004284122623999999,
            "max": 0.004744359805,
            "count": 2
        },
        "Walking.Policy.Beta.sum": {
            "value": 0.021420613119999994,
            "min": 0.01897743922,
            "max": 0.021420613119999994,
            "count": 2
        },
        "Walking.IsTraining.mean": {
            "value": 1.0,
            "min": 1.0,
            "max": 1.0,
            "count": 2
        },
        "Walking.IsTraining.sum": {
            "value": 1.0,
            "min": 1.0,
            "max": 1.0,
            "count": 2
        }
    },
    "metadata": {
        "timer_format_version": "0.1.0",
        "start_time_seconds": "1768868537",
        "python_version": "3.10.12 | packaged by Anaconda, Inc. | (main, Jul  5 2023, 19:01:18) [MSC v.1916 64 bit (AMD64)]",
        "command_line_arguments": "D:\\Miniconda\\envs\\mlagents\\Scripts\\mlagents-learn --run-id=physics7 --force",
        "mlagents_version": "1.2.0.dev0",
        "mlagents_envs_version": "1.2.0.dev0",
        "communication_protocol_version": "1.5.0",
        "pytorch_version": "2.2.2+cu121",
        "numpy_version": "1.23.5",
        "end_time_seconds": "1768868877"
    },
    "total": 340.36076369998045,
    "count": 1,
    "self": 0.006824699928984046,
    "children": {
        "run_training.setup": {
            "total": 0.04536420002114028,
            "count": 1,
            "self": 0.04536420002114028
        },
        "TrainerController.start_learning": {
            "total": 340.3085748000303,
            "count": 1,
            "self": 0.5033802947145887,
            "children": {
                "TrainerController._reset_env": {
                    "total": 11.963838800031226,
                    "count": 1,
                    "self": 11.963838800031226
                },
                "TrainerController.advance": {
                    "total": 327.6939203052898,
                    "count": 31360,
                    "self": 0.42673230823129416,
                    "children": {
                        "env_step": {
                            "total": 292.69412220129743,
                            "count": 31360,
                            "self": 171.0556269022636,
                            "children": {
                                "SubprocessEnvManager._take_step": {
                                    "total": 121.32682469702559,
                                    "count": 31360,
                                    "self": 1.0640643913066015,
                                    "children": {
                                        "TorchPolicy.evaluate": {
                                            "total": 120.26276030571898,
                                            "count": 25934,
                                            "self": 120.26276030571898
                                        }
                                    }
                                },
                                "workers": {
                                    "total": 0.3116706020082347,
                                    "count": 31359,
                                    "self": 0.0,
                                    "children": {
                                        "worker_root": {
                                            "total": 265.7230328009464,
                                            "count": 31359,
                                            "is_parallel": true,
                                            "self": 181.97153930354398,
                                            "children": {
                                                "steps_from_proto": {
                                                    "total": 0.0003600000054575503,
                                                    "count": 1,
                                                    "is_parallel": true,
                                                    "self": 0.00020720006432384253,