{
    "name": "root",
    "gauges": {
        "Walking.Policy.Entropy.mean": {
            "value": 3.8634250164031982,
            "min": 3.5872981548309326,
            "max": 4.372072696685791,
            "count": 10
        },
        "Walking.Policy.Entropy.sum": {
            "value": 193024.4375,
            "min": 179077.921875,
            "max": 219172.0,
            "count": 10
        },
        "Walking.Step.mean": {
            "value": 499960.0,
            "min": 49939.0,
            "max": 499960.0,
            "count": 10
        },
        "Walking.Step.sum": {
            "value": 499960.0,
            "min": 49939.0,
            "max": 499960.0,
            "count": 10
        },
        "Walking.Policy.ExtrinsicValueEstimate.mean": {
            "value": -5.475522994995117,
            "min": -5.475522994995117,
            "max": -1.5200648307800293,
            "count": 10
        },
        "Walking.Policy.ExtrinsicValueEstimate.sum": {
            "value": -4336.6142578125,
            "min": -4336.6142578125,
            "max": -1213.01171875,
            "count": 10
        },
        "Walking.Environment.EpisodeLength.mean": {
            "value": 1201.121951219512,
            "min": 276.9106145251397,
            "max": 1201.121951219512,
            "count": 10
        },
        "Walking.Environment.EpisodeLength.sum": {
            "value": 49246.0,
            "min": 47521.0,
            "max": 51720.0,
            "count": 10
        },
        "Walking.Environment.CumulativeReward.mean": {
            "value": -76.24129099380679,
            "min": -76.4864095740202,
            "max": -11.482181491476766,
            "count": 10
        },
        "Walking.Environment.CumulativeReward.sum": {
            "value": -3125.8929307460785,
            "min": -3135.942792534828,
            "max": -2043.8283054828644,
            "count": 10
        },
        "Walking.Policy.ExtrinsicReward.mean": {
            "value": -76.24129099380679,
            "min": -76.4864095740202,
            "max": -11.482181491476766,
            "count": 10
        },
        "Walking.Policy.ExtrinsicReward.sum": {
            "value": -3125.8929307460785,
            "min": -3135.942792534828,
            "max": -2043.8283054828644,
            "count": 10
        },
        "Walking.Losses.PolicyLoss.mean": {
            "value": 0.023365310581866652,
            "min": 0.021862823289508622,
            "max": 0.026205881202283003,
            "count": 10
        },
        "Walking.Losses.PolicyLoss.sum": {
            "value": 0.11682655290933326,
            "min": 0.09102715031864743,
            "max": 0.13102940601141502,
            "count": 10
        },
        "Walking.Losses.ValueLoss.mean": {
            "value": 0.20639201124509174,
            "min": 0.20639201124509174,
            "max": 1.0233439934253692,
            "count": 10
        },
        "Walking.Losses.ValueLoss.sum": {
            "value": 1.0319600562254587,
            "min": 1.0319600562254587,
            "max": 5.116719967126846,
            "count": 10
        },
        "Walking.Policy.LearningRate.mean": {
            "value": 0.00015820324726559997,
            "min": 0.00015820324726559997,
            "max": 0.000292291427569525,
            "count": 10
        },
        "Walking.Policy.LearningRate.sum": {
            "value": 0.0007910162363279998,
            "min": 0.0007500073499975997,
            "max": 0.0013922043359318999,
            "count": 10
        },
        "Walking.Policy.Epsilon.mean": {
            "value": 0.15273440000000002,
            "min": 0.15273440000000002,
            "max": 0.19743047500000002,
            "count": 10
        },
        "Walking.Policy.Epsilon.sum": {
            "value": 0.7636720000000001,
            "min": 0.6500024,
            "max": 0.9640680999999999,
            "count": 10
        },
        "Walking.Policy.Beta.mean": {
            "value": 0.0026414465600000008,
            "min": 0.0026414465600000008,
            "max": 0.0048717807025,
            "count": 10
        },
        "Walking.Policy.Beta.sum": {
            "value": 0.013207232800000005,
            "min": 0.01251511976,
            "max": 0.02320699819,
            "count": 10
        },
        "Walking.IsTraining.mean": {
            "value": 1.0,
            "min": 1.0,
            "max": 1.0,
            "count": 10
        },
        "Walking.IsTraining.sum": {
            "value": 1.0,
            "min": 1.0,
            "max": 1.0,
            "count": 10
        }
    },
    "metadata": {
        "timer_format_version": "0.1.0",
        "start_time_seconds": "1765739284",
        "python_version": "3.10.12 | packaged by Anaconda, Inc. | (main, Jul  5 2023, 19:01:18) [MSC v.1916 64 bit (AMD64)]",
        "command_line_arguments": "D:\\Miniconda\\envs\\mlagents\\Scripts\\mlagents-learn config/Walking.yaml --run-id=walk6 --force",
        "mlagents_version": "1.2.0.dev0",
        "mlagents_envs_version": "1.2.0.dev0",
        "communication_protocol_version": "1.5.0",
        "pytorch_version": "2.2.2+cu121",
        "numpy_version": "1.23.5",
        "end_time_seconds": "1765740131"
    },
    "total": 846.741019500012,
    "count": 1,
    "self": 0.00743470000452362,
    "children": {
        "run_training.setup": {
            "total": 0.194367299991427,
            "count": 1,
            "self": 0.194367299991427
        },
        "TrainerController.start_learning": {
            "total": 846.5392175000161,
            "count": 1,
            "self": 1.0334746000007726,
            "children": {
                "TrainerController._reset_env": {
                    "total": 10.818428899976425,
                    "count": 1,
                    "self": 10.818428899976425
                },
                "TrainerController.advance": {
                    "total": 834.5675893000443,
                    "count": 85391,
                    "self": 0.9845528995792847,
                    "children": {
                        "env_step": {
                            "total": 722.3580842014053,
                            "count": 85391,
                            "self": 372.60881530560437,
                            "children": {
                                "SubprocessEnvManager._take_step": {
                                    "total": 349.0917711982329,
                                    "count": 85391,
                                    "self": 2.938514095993014,
                                    "children": {
                                        "TorchPolicy.evaluate": {
                                            "total": 346.1532571022399,
                                            "count": 84497,
                                            "self": 346.1532571022399
                                        }
                                    }
                                },
                                "workers": {
                                    "total": 0.6574976975680329,
                                    "count": 85390,
                                    "self": 0.0,
                                    "children": {
                                        "worker_root": {
                                            "total": 772.5538243052433,
                                            "count": 85390,
                                            "is_parallel": true,
                                            "self": 526.5150562048075,
                                            "children": {
                                                "steps_from_proto": {
                                                    "total": 0.00042169998050667346,
                                                    "count": 1,
                                                    "is_parallel": true,
                                                    "self": 0.00022019995958544314,