{
    "name": "root",
    "gauges": {
        "Walking.Policy.Entropy.mean": {
            "value": 1.4188430309295654,
            "min": 1.4188430309295654,
            "max": 1.4188430309295654,
            "count": 1
        },
        "Walking.Policy.Entropy.sum": {
            "value": 71275.578125,
            "min": 71275.578125,
            "max": 71275.578125,
            "count": 1
        },
        "Walking.Step.mean": {
            "value": 49983.0,
            "min": 49983.0,
            "max": 49983.0,
            "count": 1
        },
        "Walking.Step.sum": {
            "value": 49983.0,
            "min": 49983.0,
            "max": 49983.0,
            "count": 1
        },
        "Walking.Policy.ExtrinsicValueEstimate.mean": {
            "value": -2.4541070461273193,
            "min": -2.4541070461273193,
            "max": -2.4541070461273193,
            "count": 1
        },
        "Walking.Policy.ExtrinsicValueEstimate.sum": {
            "value": -1963.28564453125,
            "min": -1963.28564453125,
            "max": -1963.28564453125,
            "count": 1
        },
        "Walking.Environment.EpisodeLength.mean": {
            "value": 998.66,
            "min": 998.66,
            "max": 998.66,
            "count": 1
        },
        "Walking.Environment.EpisodeLength.sum": {
            "value": 49933.0,
            "min": 49933.0,
            "max": 49933.0,
            "count": 1
        },
        "Walking.Environment.CumulativeReward.mean": {
            "value": -98.59831910595298,
            "min": -98.59831910595298,
            "max": -98.59831910595298,
            "count": 1
        },
        "Walking.Environment.CumulativeReward.sum": {
            "value": -4929.915955297649,
            "min": -4929.915955297649,
            "max": -4929.915955297649,
            "count": 1
        },
        "Walking.Policy.ExtrinsicReward.mean": {
            "value": -98.59831910595298,
            "min": -98.59831910595298,
            "max": -98.59831910595298,
            "count": 1
        },
        "Walking.Policy.ExtrinsicReward.sum": {
            "value": -4929.915955297649,
            "min": -4929.915955297649,
            "max": -4929.915955297649,
            "count": 1
        },
        "Walking.Losses.PolicyLoss.mean": {
            "value": 0.02243088384081299,
            "min": 0.02243088384081299,
            "max": 0.02243088384081299,
            "count": 1
        },
        "Walking.Losses.PolicyLoss.sum": {
            "value": 0.08972353536325196,
            "min": 0.08972353536325196,
            "max": 0.08972353536325196,
            "count": 1
        },
        "Walking.Losses.ValueLoss.mean": {
            "value": 0.3981066919863224,
            "min": 0.3981066919863224,
            "max": 0.3981066919863224,
            "count": 1
        },
        "Walking.Losses.ValueLoss.sum": {
            "value": 1.5924267679452897,
            "min": 1.5924267679452897,
            "max": 1.5924267679452897,
            "count": 1
        },
        "Walking.Policy.LearningRate.mean": {
            "value": 0.00028452765515744996,
            "min": 0.00028452765515744996,
            "max": 0.00028452765515744996,
            "count": 1
        },
        "Walking.Policy.LearningRate.sum": {
            "value": 0.0011381106206297998,
            "min": 0.0011381106206297998,
            "max": 0.0011381106206297998,
            "count": 1
        },
        "Walking.Policy.Epsilon.mean": {
            "value": 0.19484255000000006,
            "min": 0.19484255000000006,
            "max": 0.19484255000000006,
            "count": 1
        },
        "Walking.Policy.Epsilon.sum": {
            "value": 0.7793702000000002,
            "min": 0.7793702000000002,
            "max": 0.7793702000000002,
            "count": 1
        },
        "Walking.Policy.Beta.mean": {
            "value": 0.004742643245,
            "min": 0.004742643245,
            "max": 0.004742643245,
            "count": 1
        },
        "Walking.Policy.Beta.sum": {
            "value": 0.01897057298,
            "min": 0.01897057298,
            "max": 0.01897057298,
            "count": 1
        },
        "Walking.IsTraining.mean": {
            "value": 1.0,
            "min": 1.0,
            "max": 1.0,
            "count": 1
        },
        "Walking.IsTraining.sum": {
            "value": 1.0,
            "min": 1.0,
            "max": 1.0,
            "count": 1
        }
    },
    "metadata": {
        "timer_format_version": "0.1.0",
        "start_time_seconds": "1765252144",
        "python_version": "3.10.12 | packaged by Anaconda, Inc. | (main, Jul  5 2023, 19:01:18) [MSC v.1916 64 bit (AMD64)]",
        "command_line_arguments": "D:\\Miniconda\\envs\\mlagents\\Scripts\\mlagents-learn --run-id=walk5 --force",
        "mlagents_version": "1.2.0.dev0",
        "mlagents_envs_version": "1.2.0.dev0",
        "communication_protocol_version": "1.5.0",
        "pytorch_version": "2.2.2+cu121",
        "numpy_version": "1.23.5",
        "end_time_seconds": "1765252287"
    },
    "total": 142.8060320999939,
    "count": 1,
    "self": 0.007271299997228198,
    "children": {
        "run_training.setup": {
            "total": 0.042233999993186444,
            "count": 1,
            "self": 0.042233999993186444
        },
        "TrainerController.start_learning": {
            "total": 142.75652680000348,
            "count": 1,
            "self": 0.17297080013668165,
            "children": {
                "TrainerController._reset_env": {
                    "total": 8.58528529999603,
                    "count": 1,
                    "self": 8.58528529999603
                },
                "TrainerController.advance": {
                    "total": 133.85441059987352,
                    "count": 12396,
                    "self": 0.14927940152119845,
                    "children": {
                        "env_step": {
                            "total": 122.25018949844525,
                            "count": 12396,
                            "self": 104.66778929780412,
                            "children": {
                                "SubprocessEnvManager._take_step": {
                                    "total": 17.481202000417397,
                                    "count": 12396,
                                    "self": 0.4729447002027882,
                                    "children": {
                                        "TorchPolicy.evaluate": {
                                            "total": 17.00825730021461,
                                            "count": 12386,
                                            "self": 17.00825730021461
                                        }
                                    }
                                },
                                "workers": {
                                    "total": 0.1011982002237346,
                                    "count": 12395,
                                    "self": 0.0,
                                    "children": {
                                        "worker_root": {
                                            "total": 72.00490639949567,
                                            "count": 12395,
                                            "is_parallel": true,
                                            "self": 39.06177049949474,
                                            "children": {
                                                "steps_from_proto": {
                                                    "total": 0.00022399998852051795,
                                                    "count": 1,
                                                    "is_parallel": true,
                                                    "self": 8.090000483207405e-05,