{
    "name": "root",
    "metadata": {
        "timer_format_version": "0.1.0",
        "start_time_seconds": "1768158278",
        "python_version": "3.10.12 | packaged by Anaconda, Inc. | (main, Jul  5 2023, 19:01:18) [MSC v.1916 64 bit (AMD64)]",
        "command_line_arguments": "C:\\Users\\Kamal\\miniconda3\\envs\\mlagents\\Scripts\\mlagents-learn --run-id=walk1 --resume",
        "mlagents_version": "1.2.0.dev0",
        "mlagents_envs_version": "1.2.0.dev0",
        "communication_protocol_version": "1.5.0",
        "pytorch_version": "2.2.2+cpu",
        "numpy_version": "1.23.5",
        "end_time_seconds": "1768158381"
    },
    "total": 102.70266059999994,
    "count": 1,
    "self": 0.0114282999857096,
    "children": {
        "run_training.setup": {
            "total": 0.04017560000647791,
            "count": 1,
            "self": 0.04017560000647791
        },
        "TrainerController.start_learning": {
            "total": 102.65105670000776,
            "count": 1,
            "self": 0.02496110016363673,
            "children": {
                "TrainerController._reset_env": {
                    "total": 27.097596699997666,
                    "count": 1,
                    "self": 27.097596699997666
                },
                "TrainerController.advance": {
                    "total": 75.34466469984909,
                    "count": 1048,
                    "self": 0.025100000159000047,
                    "children": {
                        "env_step": {
                            "total": 75.19314079979085,
                            "count": 1048,
                            "self": 72.84691690040927,
                            "children": {
                                "SubprocessEnvManager._take_step": {
                                    "total": 2.329098699759925,
                                    "count": 1048,
                                    "self": 0.07089769963931758,
                                    "children": {
                                        "TorchPolicy.evaluate": {
                                            "total": 2.258201000120607,
                                            "count": 1048,
                                            "self": 2.258201000120607
                                        }
                                    }
                                },
                                "workers": {
                                    "total": 0.017125199621659704,
                                    "count": 1047,
                                    "self": 0.0,
                                    "children": {
                                        "worker_root": {
                                            "total": 12.69165509956656,
                                            "count": 1047,
                                            "is_parallel": true,
                                            "self": 5.261399699898902,
                                            "children": {
                                                "steps_from_proto": {
                                                    "total": 0.0004959000070812181,
                                                    "count": 1,
                                                    "is_parallel": true,
                                                    "self": 0.000272299992502667,
                                                    "children": {
                                                        "_process_rank_one_or_two_observation": {
                                                            "total": 0.00022360001457855105,
                                                            "count": 2,
                                                            "is_parallel": true,
                                                            "self": 0.00022360001457855105
                                                        }
                                                    }
                                                },
                                                "UnityEnvironment.step": {
                                                    "total": 7.429759499660577,
                                                    "count": 1047,
                                                    "is_parallel": true,
                                                    "self": 0.10535739990882576,
                                                    "children": {
                                                        "UnityEnvironment._generate_step_input": {
                                                            "total": 0.09021519959787838,
                                                            "count": 1047,
                                                            "is_parallel": true,
                                                            "self": 0.09021519959787838
                                                        },
                                                        "communicator.exchange": {
                                                            "total": 6.917761600212543,
                                                            "count": 1047,
                                                            "is_parallel": true,
                                                            "self": 6.917761600212543
                                                        },
                                                        "steps_from_proto": {
                                                            "total": 0.3164252999413293,
                                                            "count": 1047,
                                                            "is_parallel": true,
                                                            "self": 0.2099084001092706,
                                                            "children": {
                                                                "_process_rank_one_or_two_observation": {
                                                                    "total": 0.1065168998320587,
                                                                    "count": 2094,
                                                                    "is_parallel": true,
                                                                    "self": 0.1065168998320587
                                                                }
                                                            }
                                                        }
                                                    }
                                                }
                                            }
                                        }
                                    }
                                }
                            }
                        },
                        "trainer_advance": {
                            "total": 0.12642389989923686,
                            "count": 1047,
                            "self": 0.026561799852061085,
                            "children": {
                                "process_trajectory": {
                                    "total": 0.09986210004717577,
                                    "count": 1047,
                                    "self": 0.09986210004717577
                                }
                            }
                        }
                    }
                },
                "TrainerController._save_models": {
                    "total": 0.1838341999973636,
                    "count": 1,
                    "self": 0.002217799992649816,
                    "children": {
                        "RLTrainer._checkpoint": {
                            "total": 0.1816164000047138,
                            "count": 1,