{
    "name": "root",
    "gauges": {
        "Walking.Policy.Entropy.mean": {
            "value": 3.884557008743286,
            "min": 3.884557008743286,
            "max": 4.373446941375732,
            "count": 10
        },
        "Walking.Policy.Entropy.sum": {
            "value": 196655.703125,
            "min": 195457.890625,
            "max": 222171.09375,
            "count": 10
        },
        "Walking.Agent.cumalitiveEnergy.mean": {
            "value": 3252.2928137822983,
            "min": 3252.2928137822983,
            "max": 14563.13798828125,
            "count": 10
        },
        "Walking.Agent.cumalitiveEnergy.sum": {
            "value": 708999.833404541,
            "min": 220964.424949646,
            "max": 708999.833404541,
            "count": 10
        },
        "Walking.Agent.mutationRate.mean": {
            "value": 0.008950047318849269,
            "min": 0.008950047318849269,
            "max": 0.06881289184093475,
            "count": 10
        },
        "Walking.Agent.mutationRate.sum": {
            "value": 1.9511103155091405,
            "min": 1.5000000223517418,
            "max": 4.19758640229702,
            "count": 10
        },
        "Walking.Agent.Fitness.mean": {
            "value": 196.24088087869347,
            "min": 196.24088087869347,
            "max": 1505.5055857340494,
            "count": 10
        },
        "Walking.Agent.Fitness.sum": {
            "value": 42780.512031555176,
            "min": 20613.920654296875,
            "max": 77081.2485961914,
            "count": 10
        },
        "Walking.DNA.Size.mean": {
            "value": 0.7320238092076887,
            "min": 0.7250498087200897,
            "max": 0.9917553020641208,
            "count": 10
        },
        "Walking.DNA.Size.sum": {
            "value": 159.58119040727615,
            "min": 25.799597799777985,
            "max": 159.58119040727615,
            "count": 10
        },
        "Walking.DNA.HeadMass.mean": {
            "value": 3.816364233646918,
            "min": 2.54248502291739,
            "max": 3.9448448908133584,
            "count": 10
        },
        "Walking.DNA.HeadMass.sum": {
            "value": 831.9674029350281,
            "min": 92.3908439874649,
            "max": 831.9674029350281,
            "count": 10
        },
        "Walking.DNA.LimbMass.mean": {
            "value": 0.5833579908817186,
            "min": 0.5762090188700978,
            "max": 0.9779836310415851,
            "count": 10
        },
        "Walking.DNA.LimbMass.sum": {
            "value": 127.17204201221466,
            "min": 24.152321249246597,
            "max": 127.17204201221466,
            "count": 10
        },
        "Walking.DNA.Strengh.mean": {
            "value": 0.8437545135480549,
            "min": 0.7028697402012057,
            "max": 0.955893470843633,
            "count": 10
        },
        "Walking.DNA.Strengh.sum": {
            "value": 183.93848395347595,
            "min": 28.67680412530899,
            "max": 183.93848395347595,
            "count": 10
        },
        "Walking.DNA.Speed.mean": {
            "value": 145.73150676762293,
            "min": 99.74028635025024,
            "max": 145.73150676762293,
            "count": 10
        },
        "Walking.DNA.Speed.sum": {
            "value": 31769.468475341797,
            "min": 3252.42830657959,
            "max": 31769.468475341797,
            "count": 10
        },
        "Walking.Step.mean": {
            "value": 499990.0,
            "min": 49968.0,
            "max": 499990.0,
            "count": 10
        },
        "Walking.Step.sum": {
            "value": 499990.0,
            "min": 49968.0,
            "max": 499990.0,
            "count": 10
        },
        "Walking.Policy.ExtrinsicValueEstimate.mean": {
            "value": 0.6055412292480469,
            "min": -0.21166037023067474,
            "max": 0.6055412292480469,
            "count": 10
        },
        "Walking.Policy.ExtrinsicValueEstimate.sum": {
            "value": 539.5372314453125,
            "min": -172.0798797607422,
            "max": 539.5372314453125,
            "count": 10
        },
        "Walking.Losses.PolicyLoss.mean": {
            "value": 0.024358273980235965,
            "min": 0.02256449322025715,
            "max": 0.02771014933925912,
            "count": 10
        },
        "Walking.Losses.PolicyLoss.sum": {
            "value": 0.12179136990117982,
            "min": 0.0902579728810286,
            "max": 0.1385507466962956,
            "count": 10
        },
        "Walking.Losses.ValueLoss.mean": {
            "value": 0.24259469517252663,
            "min": 0.008768906214556242,
            "max": 0.24259469517252663,
            "count": 10
        },
        "Walking.Losses.ValueLoss.sum": {
            "value": 1.2129734758626332,
            "min": 0.03507562485822497,
            "max": 1.2129734758626332,
            "count": 10
        },
        "Walking.Policy.LearningRate.mean": {
            "value": 0.000157851047383,
            "min": 0.000157851047383,
            "max": 0.00029171437776187494,
            "count": 10
        },
        "Walking.Policy.LearningRate.sum": {
            "value": 0.0007892552369150001,
            "min": 0.0006909226696925001,
            "max": 0.0013133775622074994,
            "count": 10
        },
        "Walking.Policy.Epsilon.mean": {
            "value": 0.15261700000000003,
            "min": 0.15261700000000003,
            "max": 0.19723812500000001,
            "count": 10
        },
        "Walking.Policy.Epsilon.sum": {
            "value": 0.7630850000000001,
            "min": 0.6303075000000001,
            "max": 0.9377924999999999,
            "count": 10
        },
        "Walking.Policy.Beta.mean": {
            "value": 0.0026355883,
            "min": 0.0026355883,
            "max": 0.004862182437499999,
            "count": 10
        },
        "Walking.Policy.Beta.sum": {
            "value": 0.0131779415,
            "min": 0.011532344250000002,
            "max": 0.02189584575,
            "count": 10
        },
        "Walking.Environment.EpisodeLength.mean": {
            "value": 244.125,
            "min": 244.125,
            "max": 1110.5,
            "count": 10
        },
        "Walking.Environment.EpisodeLength.sum": {
            "value": 48825.0,
            "min": 27750.0,
            "max": 62000.0,
            "count": 10
        },
        "Walking.Environment.CumulativeReward.mean": {
            "value": 2.528137848591432,
            "min": -3.887321383059025,
            "max": 2.528137848591432,
            "count": 10
        },
        "Walking.Environment.CumulativeReward.sum": {
            "value": 505.6275697182864,
            "min": -194.36606915295124,
            "max": 505.6275697182864,
            "count": 10
        },
        "Walking.Policy.ExtrinsicReward.mean": {
            "value": 2.528137848591432,
            "min": -3.887321383059025,
            "max": 2.528137848591432,
            "count": 10
        },
        "Walking.Policy.ExtrinsicReward.sum": {
            "value": 505.6275697182864,
            "min": -194.36606915295124,
            "max": 505.6275697182864,
            "count": 10
        },
        "Walking.IsTraining.mean": {
            "value": 1.0,
            "min": 1.0,
            "max": 1.0,
            "count": 10
        },
        "Walking.IsTraining.sum": {
            "value": 1.0,
            "min": 1.0,
            "max": 1.0,
            "count": 10
        }
    },
    "metadata": {
        "timer_format_version": "0.1.0",
        "start_time_seconds": "1774293459",
        "python_version": "3.10.12 | packaged by Anaconda, Inc. | (main, Jul  5 2023, 19:01:18) [MSC v.1916 64 bit (AMD64)]",