{
    "name": "root",
    "gauges": {
        "Walking.Policy.Entropy.mean": {
            "value": 4.076328277587891,
            "min": 4.076328277587891,
            "max": 4.385758399963379,
            "count": 6
        },
        "Walking.Policy.Entropy.sum": {
            "value": 204175.140625,
            "min": 204175.140625,
            "max": 220279.109375,
            "count": 6
        },
        "Walking.Step.mean": {
            "value": 299967.0,
            "min": 49965.0,
            "max": 299967.0,
            "count": 6
        },
        "Walking.Step.sum": {
            "value": 299967.0,
            "min": 49965.0,
            "max": 299967.0,
            "count": 6
        },
        "Walking.Policy.ExtrinsicValueEstimate.mean": {
            "value": -3.765333652496338,
            "min": -3.765333652496338,
            "max": -1.0243672132492065,
            "count": 6
        },
        "Walking.Policy.ExtrinsicValueEstimate.sum": {
            "value": -3023.56298828125,
            "min": -3024.55322265625,
            "max": -820.5181274414062,
            "count": 6
        },
        "Walking.Environment.EpisodeLength.mean": {
            "value": 931.425925925926,
            "min": 880.3157894736842,
            "max": 990.7,
            "count": 6
        },
        "Walking.Environment.EpisodeLength.sum": {
            "value": 50297.0,
            "min": 46842.0,
            "max": 50875.0,
            "count": 6
        },
        "Walking.Environment.CumulativeReward.mean": {
            "value": -36.95802722705735,
            "min": -45.820469771623614,
            "max": -32.109538078308105,
            "count": 6
        },
        "Walking.Environment.CumulativeReward.sum": {
            "value": -1995.733470261097,
            "min": -2486.8493122309446,
            "max": -1830.243670463562,
            "count": 6
        },
        "Walking.Policy.ExtrinsicReward.mean": {
            "value": -36.95802722705735,
            "min": -45.820469771623614,
            "max": -32.109538078308105,
            "count": 6
        },
        "Walking.Policy.ExtrinsicReward.sum": {
            "value": -1995.733470261097,
            "min": -2486.8493122309446,
            "max": -1830.243670463562,
            "count": 6
        },
        "Walking.Losses.PolicyLoss.mean": {
            "value": 0.023903204801802833,
            "min": 0.022295871055684983,
            "max": 0.026162148443982004,
            "count": 6
        },
        "Walking.Losses.PolicyLoss.sum": {
            "value": 0.11951602400901416,
            "min": 0.09649531251440446,
            "max": 0.13081074221991001,
            "count": 6
        },
        "Walking.Losses.ValueLoss.mean": {
            "value": 0.14515958969791729,
            "min": 0.08885622546076774,
            "max": 0.24149373938639956,
            "count": 6
        },
        "Walking.Losses.ValueLoss.sum": {
            "value": 0.7257979484895865,
            "min": 0.44428112730383873,
            "max": 1.2074686969319979,
            "count": 6
        },
        "Walking.Policy.LearningRate.mean": {
            "value": 0.00013339697553436,
            "min": 0.00013339697553436,
            "max": 0.00028459245513585,
            "count": 6
        },
        "Walking.Policy.LearningRate.sum": {
            "value": 0.0006669848776718001,
            "min": 0.0006669848776718001,
            "max": 0.0012841104719632,
            "count": 6
        },
        "Walking.Policy.Epsilon.mean": {
            "value": 0.14446564,
            "min": 0.14446564,
            "max": 0.19486415,
            "count": 6
        },
        "Walking.Policy.Epsilon.sum": {
            "value": 0.7223282000000001,
            "min": 0.7223282000000001,
            "max": 0.9280368,
            "count": 6
        },
        "Walking.Policy.Beta.mean": {
            "value": 0.0022288354359999997,
            "min": 0.0022288354359999997,
            "max": 0.004743721085,
            "count": 6
        },
        "Walking.Policy.Beta.sum": {
            "value": 0.01114417718,
            "min": 0.01114417718,
            "max": 0.021409036319999998,
            "count": 6
        },
        "Walking.IsTraining.mean": {
            "value": 1.0,
            "min": 1.0,
            "max": 1.0,
            "count": 6
        },
        "Walking.IsTraining.sum": {
            "value": 1.0,
            "min": 1.0,
            "max": 1.0,
            "count": 6
        }
    },
    "metadata": {
        "timer_format_version": "0.1.0",
        "start_time_seconds": "1765741613",
        "python_version": "3.10.12 | packaged by Anaconda, Inc. | (main, Jul  5 2023, 19:01:18) [MSC v.1916 64 bit (AMD64)]",
        "command_line_arguments": "D:\\Miniconda\\envs\\mlagents\\Scripts\\mlagents-learn --run-id=walk8",
        "mlagents_version": "1.2.0.dev0",
        "mlagents_envs_version": "1.2.0.dev0",
        "communication_protocol_version": "1.5.0",
        "pytorch_version": "2.2.2+cu121",
        "numpy_version": "1.23.5",
        "end_time_seconds": "1765742218"
    },
    "total": 604.4242501999834,
    "count": 1,
    "self": 0.008414099953370169,
    "children": {
        "run_training.setup": {
            "total": 0.04561110000940971,
            "count": 1,
            "self": 0.04561110000940971
        },
        "TrainerController.start_learning": {
            "total": 604.3702250000206,
            "count": 1,
            "self": 0.7510938002669718,
            "children": {
                "TrainerController._reset_env": {
                    "total": 16.57962740000221,
                    "count": 1,
                    "self": 16.57962740000221
                },
                "TrainerController.advance": {
                    "total": 586.8778670997708,
                    "count": 57060,
                    "self": 0.708114202163415,
                    "children": {
                        "env_step": {
                            "total": 513.4892288002884,
                            "count": 57060,
                            "self": 276.86067509875284,
                            "children": {
                                "SubprocessEnvManager._take_step": {
                                    "total": 236.13734519761056,
                                    "count": 57060,
                                    "self": 2.042955498036463,
                                    "children": {
                                        "TorchPolicy.evaluate": {
                                            "total": 234.0943896995741,
                                            "count": 56777,
                                            "self": 234.0943896995741
                                        }
                                    }
                                },
                                "workers": {
                                    "total": 0.4912085039250087,
                                    "count": 57059,
                                    "self": 0.0,
                                    "children": {
                                        "worker_root": {
                                            "total": 525.0149974011292,
                                            "count": 57059,
                                            "is_parallel": true,
                                            "self": 354.4005936990725,
                                            "children": {
                                                "steps_from_proto": {
                                                    "total": 0.00034669999149627984,
                                                    "count": 1,
                                                    "is_parallel": true,
                                                    "self": 0.00018950001685880125,