{
    "name": "root",
    "gauges": {
        "Walking.Policy.Entropy.mean": {
            "value": 4.054022312164307,
            "min": 3.9969587326049805,
            "max": 4.387219429016113,
            "count": 10
        },
        "Walking.Policy.Entropy.sum": {
            "value": 202701.109375,
            "min": 198648.84375,
            "max": 221753.34375,
            "count": 10
        },
        "Walking.Agent.cumalitiveEnergy.mean": {
            "value": 1846.5635641078757,
            "min": 1670.1909529306356,
            "max": 7563.263622050383,
            "count": 10
        },
        "Walking.Agent.cumalitiveEnergy.sum": {
            "value": 182809.7928466797,
            "min": 129301.54956054688,
            "max": 370599.91748046875,
            "count": 10
        },
        "Walking.Agent.mutationRate.mean": {
            "value": 0.003210820116554246,
            "min": 0.0021261833608150482,
            "max": 0.05000000074505806,
            "count": 10
        },
        "Walking.Agent.mutationRate.sum": {
            "value": 0.31787119153887033,
            "min": 0.21261833608150482,
            "max": 3.35000004991889,
            "count": 10
        },
        "Walking.Agent.Fitness.mean": {
            "value": 72.84884201637422,
            "min": 38.69634016752243,
            "max": 728.1485137939453,
            "count": 10
        },
        "Walking.Agent.Fitness.sum": {
            "value": 7212.035359621048,
            "min": 3869.634016752243,
            "max": 35112.5104598999,
            "count": 10
        },
        "Walking.DNA.Size.mean": {
            "value": 0.7351556757483819,
            "min": 0.7351556757483819,
            "max": 1.144715810308651,
            "count": 10
        },
        "Walking.DNA.Size.sum": {
            "value": 72.78041189908981,
            "min": 43.85731482505798,
            "max": 75.91802620887756,
            "count": 10
        },
        "Walking.DNA.HeadMass.mean": {
            "value": 2.2086769956530947,
            "min": 1.8018857890100621,
            "max": 2.8430120263780867,
            "count": 10
        },
        "Walking.DNA.HeadMass.sum": {
            "value": 218.65902256965637,
            "min": 109.37523627281189,
            "max": 230.14807653427124,
            "count": 10
        },
        "Walking.DNA.LimbMass.mean": {
            "value": 0.8070035962143329,
            "min": 0.6506015702859679,
            "max": 1.1287767546517509,
            "count": 10
        },
        "Walking.DNA.LimbMass.sum": {
            "value": 79.89335602521896,
            "min": 37.16578966379166,
            "max": 83.60630881786346,
            "count": 10
        },
        "Walking.DNA.Strengh.mean": {
            "value": 0.8528976609008481,
            "min": 0.7098740054600274,
            "max": 0.9308517490114484,
            "count": 10
        },
        "Walking.DNA.Strengh.sum": {
            "value": 84.43686842918396,
            "min": 37.96031755208969,
            "max": 89.12243992090225,
            "count": 10
        },
        "Walking.DNA.Speed.mean": {
            "value": 75.63261513758188,
            "min": 75.01567107265436,
            "max": 97.33000673566546,
            "count": 10
        },
        "Walking.DNA.Speed.sum": {
            "value": 7487.6288986206055,
            "min": 4052.256591796875,
            "max": 7726.614120483398,
            "count": 10
        },
        "Walking.Step.mean": {
            "value": 499974.0,
            "min": 49944.0,
            "max": 499974.0,
            "count": 10
        },
        "Walking.Step.sum": {
            "value": 499974.0,
            "min": 49944.0,
            "max": 499974.0,
            "count": 10
        },
        "Walking.Policy.ExtrinsicValueEstimate.mean": {
            "value": 0.40321943163871765,
            "min": -0.0701305940747261,
            "max": 0.40321943163871765,
            "count": 10
        },
        "Walking.Policy.ExtrinsicValueEstimate.sum": {
            "value": 332.6560363769531,
            "min": -57.01617431640625,
            "max": 332.6560363769531,
            "count": 10
        },
        "Walking.Losses.PolicyLoss.mean": {
            "value": 0.022275673401556118,
            "min": 0.021322660852844517,
            "max": 0.025675804382825098,
            "count": 10
        },
        "Walking.Losses.PolicyLoss.sum": {
            "value": 0.08910269360622447,
            "min": 0.08910269360622447,
            "max": 0.12813554910420807,
            "count": 10
        },
        "Walking.Losses.ValueLoss.mean": {
            "value": 0.10514859753576192,
            "min": 0.03718548824903061,
            "max": 0.1534926278392474,
            "count": 10
        },
        "Walking.Losses.ValueLoss.sum": {
            "value": 0.42059439014304767,
            "min": 0.16199902846957698,
            "max": 0.767463139196237,
            "count": 10
        },
        "Walking.Policy.LearningRate.mean": {
            "value": 0.00015692442269187504,
            "min": 0.00015692442269187504,
            "max": 0.00029151000282999994,
            "count": 10
        },
        "Walking.Policy.LearningRate.sum": {
            "value": 0.0006276976907675001,
            "min": 0.0006276976907675001,
            "max": 0.0013117050627649996,
            "count": 10
        },
        "Walking.Policy.Epsilon.mean": {
            "value": 0.15230812500000002,
            "min": 0.15230812500000002,
            "max": 0.19716999999999998,
            "count": 10
        },
        "Walking.Policy.Epsilon.sum": {
            "value": 0.6092325000000001,
            "min": 0.6092325000000001,
            "max": 0.9372350000000002,
            "count": 10
        },
        "Walking.Policy.Beta.mean": {
            "value": 0.0026201754375000004,
            "min": 0.0026201754375000004,
            "max": 0.004858783,
            "count": 10
        },
        "Walking.Policy.Beta.sum": {
            "value": 0.010480701750000002,
            "min": 0.010480701750000002,
            "max": 0.021868026500000002,
            "count": 10
        },
        "Walking.Environment.EpisodeLength.mean": {
            "value": 559.0,
            "min": 464.0,
            "max": 1111.0,
            "count": 10
        },
        "Walking.Environment.EpisodeLength.sum": {
            "value": 41925.0,
            "min": 27775.0,
            "max": 59250.0,
            "count": 10
        },
        "Walking.Environment.CumulativeReward.mean": {
            "value": 1.8987655238310497,
            "min": -4.1965586389601235,
            "max": 2.2502654628607175,
            "count": 10
        },
        "Walking.Environment.CumulativeReward.sum": {
            "value": 142.40741428732872,
            "min": -164.67631029337645,
            "max": 265.5313246175647,
            "count": 10
        },
        "Walking.Policy.ExtrinsicReward.mean": {
            "value": 1.8987655238310497,
            "min": -4.1965586389601235,
            "max": 2.2502654628607175,
            "count": 10
        },
        "Walking.Policy.ExtrinsicReward.sum": {
            "value": 142.40741428732872,
            "min": -164.67631029337645,
            "max": 265.5313246175647,
            "count": 10
        },
        "Walking.IsTraining.mean": {
            "value": 1.0,
            "min": 1.0,
            "max": 1.0,
            "count": 10
        },
        "Walking.IsTraining.sum": {
            "value": 1.0,
            "min": 1.0,
            "max": 1.0,
            "count": 10
        }
    },
    "metadata": {
        "timer_format_version": "0.1.0",
        "start_time_seconds": "1774291309",
        "python_version": "3.10.12 | packaged by Anaconda, Inc. | (main, Jul  5 2023, 19:01:18) [MSC v.1916 64 bit (AMD64)]",