{
    "name": "root",
    "gauges": {
        "Walking.Policy.Entropy.mean": {
            "value": 3.805978298187256,
            "min": 3.805978298187256,
            "max": 4.374268054962158,
            "count": 6
        },
        "Walking.Policy.Entropy.sum": {
            "value": 190040.109375,
            "min": 190040.109375,
            "max": 219387.03125,
            "count": 6
        },
        "Walking.Step.mean": {
            "value": 299937.0,
            "min": 49943.0,
            "max": 299937.0,
            "count": 6
        },
        "Walking.Step.sum": {
            "value": 299937.0,
            "min": 49943.0,
            "max": 299937.0,
            "count": 6
        },
        "Walking.Policy.ExtrinsicValueEstimate.mean": {
            "value": -1.405570387840271,
            "min": -2.6675703525543213,
            "max": -0.9198111891746521,
            "count": 6
        },
        "Walking.Policy.ExtrinsicValueEstimate.sum": {
            "value": -1201.7626953125,
            "min": -2198.077880859375,
            "max": -738.6083984375,
            "count": 6
        },
        "Walking.Environment.EpisodeLength.mean": {
            "value": 334.0927152317881,
            "min": 334.0927152317881,
            "max": 862.2407407407408,
            "count": 6
        },
        "Walking.Environment.EpisodeLength.sum": {
            "value": 50448.0,
            "min": 46561.0,
            "max": 52198.0,
            "count": 6
        },
        "Walking.Environment.CumulativeReward.mean": {
            "value": -6.158989026155693,
            "min": -37.89080937813829,
            "max": -6.158989026155693,
            "count": 6
        },
        "Walking.Environment.CumulativeReward.sum": {
            "value": -930.0073429495096,
            "min": -2156.6794970035553,
            "max": -930.0073429495096,
            "count": 6
        },
        "Walking.Policy.ExtrinsicReward.mean": {
            "value": -6.158989026155693,
            "min": -37.89080937813829,
            "max": -6.158989026155693,
            "count": 6
        },
        "Walking.Policy.ExtrinsicReward.sum": {
            "value": -930.0073429495096,
            "min": -2156.6794970035553,
            "max": -930.0073429495096,
            "count": 6
        },
        "Walking.Losses.PolicyLoss.mean": {
            "value": 0.024022583609136443,
            "min": 0.02239845269359648,
            "max": 0.02464829891299208,
            "count": 6
        },
        "Walking.Losses.PolicyLoss.sum": {
            "value": 0.12011291804568221,
            "min": 0.09859319565196832,
            "max": 0.12011291804568221,
            "count": 6
        },
        "Walking.Losses.ValueLoss.mean": {
            "value": 0.3945698938767115,
            "min": 0.2678930898507436,
            "max": 0.5478956111272175,
            "count": 6
        },
        "Walking.Losses.ValueLoss.sum": {
            "value": 1.9728494693835574,
            "min": 1.0715723594029745,
            "max": 2.739478055636088,
            "count": 6
        },
        "Walking.Policy.LearningRate.mean": {
            "value": 0.00013346357551216002,
            "min": 0.00013346357551216002,
            "max": 0.00028454415515194995,
            "count": 6
        },
        "Walking.Policy.LearningRate.sum": {
            "value": 0.0006673178775608,
            "min": 0.0006673178775608,
            "max": 0.0012839382720205997,
            "count": 6
        },
        "Walking.Policy.Epsilon.mean": {
            "value": 0.14448784000000003,
            "min": 0.14448784000000003,
            "max": 0.19484804999999997,
            "count": 6
        },
        "Walking.Policy.Epsilon.sum": {
            "value": 0.7224392000000002,
            "min": 0.7224392000000002,
            "max": 0.9279793999999999,
            "count": 6
        },
        "Walking.Policy.Beta.mean": {
            "value": 0.0022299432160000003,
            "min": 0.0022299432160000003,
            "max": 0.004742917695,
            "count": 6
        },
        "Walking.Policy.Beta.sum": {
            "value": 0.011149716080000002,
            "min": 0.011149716080000002,
            "max": 0.02140617206,
            "count": 6
        },
        "Walking.IsTraining.mean": {
            "value": 1.0,
            "min": 1.0,
            "max": 1.0,
            "count": 6
        },
        "Walking.IsTraining.sum": {
            "value": 1.0,
            "min": 1.0,
            "max": 1.0,
            "count": 6
        }
    },
    "metadata": {
        "timer_format_version": "0.1.0",
        "start_time_seconds": "1765740833",
        "python_version": "3.10.12 | packaged by Anaconda, Inc. | (main, Jul  5 2023, 19:01:18) [MSC v.1916 64 bit (AMD64)]",
        "command_line_arguments": "D:\\Miniconda\\envs\\mlagents\\Scripts\\mlagents-learn --run-id=walk7 --force",
        "mlagents_version": "1.2.0.dev0",
        "mlagents_envs_version": "1.2.0.dev0",
        "communication_protocol_version": "1.5.0",
        "pytorch_version": "2.2.2+cu121",
        "numpy_version": "1.23.5",
        "end_time_seconds": "1765741390"
    },
    "total": 556.958835700003,
    "count": 1,
    "self": 0.007367799989879131,
    "children": {
        "run_training.setup": {
            "total": 0.04301110000233166,
            "count": 1,
            "self": 0.04301110000233166
        },
        "TrainerController.start_learning": {
            "total": 556.9084568000108,
            "count": 1,
            "self": 0.7150884029979352,
            "children": {
                "TrainerController._reset_env": {
                    "total": 9.404375999991316,
                    "count": 1,
                    "self": 9.404375999991316
                },
                "TrainerController.advance": {
                    "total": 546.6663447970059,
                    "count": 52944,
                    "self": 0.6551254888763651,
                    "children": {
                        "env_step": {
                            "total": 478.95343460375443,
                            "count": 52944,
                            "self": 259.0389377035608,
                            "children": {
                                "SubprocessEnvManager._take_step": {
                                    "total": 219.46483149682172,
                                    "count": 52944,
                                    "self": 1.9234633946034592,
                                    "children": {
                                        "TorchPolicy.evaluate": {
                                            "total": 217.54136810221826,
                                            "count": 52434,
                                            "self": 217.54136810221826
                                        }
                                    }
                                },
                                "workers": {
                                    "total": 0.44966540337190963,
                                    "count": 52943,
                                    "self": 0.0,
                                    "children": {
                                        "worker_root": {
                                            "total": 484.8702584999555,
                                            "count": 52943,
                                            "is_parallel": true,
                                            "self": 329.03394730127184,
                                            "children": {
                                                "steps_from_proto": {
                                                    "total": 0.000381799996830523,
                                                    "count": 1,
                                                    "is_parallel": true,
                                                    "self": 0.0002156999835278839,