{
    "name": "root",
    "gauges": {
        "Walking.Policy.Entropy.mean": {
            "value": 3.3333868980407715,
            "min": 3.3333868980407715,
            "max": 4.381150245666504,
            "count": 5
        },
        "Walking.Policy.Entropy.sum": {
            "value": 167042.6875,
            "min": 167042.6875,
            "max": 220293.0,
            "count": 5
        },
        "Walking.Step.mean": {
            "value": 249993.0,
            "min": 49988.0,
            "max": 249993.0,
            "count": 5
        },
        "Walking.Step.sum": {
            "value": 249993.0,
            "min": 49988.0,
            "max": 249993.0,
            "count": 5
        },
        "Walking.Policy.ExtrinsicValueEstimate.mean": {
            "value": 3.5269501209259033,
            "min": -0.32310473918914795,
            "max": 3.5269501209259033,
            "count": 5
        },
        "Walking.Policy.ExtrinsicValueEstimate.sum": {
            "value": 3205.99755859375,
            "min": -260.42242431640625,
            "max": 3205.99755859375,
            "count": 5
        },
        "Walking.Environment.EpisodeLength.mean": {
            "value": 188.793893129771,
            "min": 188.793893129771,
            "max": 800.7543859649123,
            "count": 5
        },
        "Walking.Environment.EpisodeLength.sum": {
            "value": 49464.0,
            "min": 45643.0,
            "max": 52732.0,
            "count": 5
        },
        "Walking.Environment.CumulativeReward.mean": {
            "value": 11.042286866067247,
            "min": -12.867951295812402,
            "max": 11.042286866067247,
            "count": 5
        },
        "Walking.Environment.CumulativeReward.sum": {
            "value": 2893.079158909619,
            "min": -733.4732238613069,
            "max": 2893.079158909619,
            "count": 5
        },
        "Walking.Policy.ExtrinsicReward.mean": {
            "value": 11.042286866067247,
            "min": -12.867951295812402,
            "max": 11.042286866067247,
            "count": 5
        },
        "Walking.Policy.ExtrinsicReward.sum": {
            "value": 2893.079158909619,
            "min": -733.4732238613069,
            "max": 2893.079158909619,
            "count": 5
        },
        "Walking.Losses.PolicyLoss.mean": {
            "value": 0.024872429384849966,
            "min": 0.021907801196599998,
            "max": 0.024872429384849966,
            "count": 5
        },
        "Walking.Losses.PolicyLoss.sum": {
            "value": 0.12436214692424982,
            "min": 0.09172450928017496,
            "max": 0.12436214692424982,
            "count": 5
        },
        "Walking.Losses.ValueLoss.mean": {
            "value": 0.5775830292701721,
            "min": 0.2574182780459523,
            "max": 0.809467533826828,
            "count": 5
        },
        "Walking.Losses.ValueLoss.sum": {
            "value": 2.8879151463508608,
            "min": 1.0296731121838092,
            "max": 4.04733766913414,
            "count": 5
        },
        "Walking.Policy.LearningRate.mean": {
            "value": 0.00016441516519495998,
            "min": 0.00016441516519495998,
            "max": 0.0002845824051392,
            "count": 5
        },
        "Walking.Policy.LearningRate.sum": {
            "value": 0.0008220758259748,
            "min": 0.0008220758259748,
            "max": 0.0012843108718963996,
            "count": 5
        },
        "Walking.Policy.Epsilon.mean": {
            "value": 0.15480504000000003,
            "min": 0.15480504000000003,
            "max": 0.19486079999999997,
            "count": 5
        },
        "Walking.Policy.Epsilon.sum": {
            "value": 0.7740252000000002,
            "min": 0.7740252000000002,
            "max": 0.9281036,
            "count": 5
        },
        "Walking.Policy.Beta.mean": {
            "value": 0.0027447714959999998,
            "min": 0.0027447714959999998,
            "max": 0.00474355392,
            "count": 5
        },
        "Walking.Policy.Beta.sum": {
            "value": 0.013723857479999999,
            "min": 0.013723857479999999,
            "max": 0.021412369639999998,
            "count": 5
        },
        "Walking.IsTraining.mean": {
            "value": 1.0,
            "min": 1.0,
            "max": 1.0,
            "count": 5
        },
        "Walking.IsTraining.sum": {
            "value": 1.0,
            "min": 1.0,
            "max": 1.0,
            "count": 5
        }
    },
    "metadata": {
        "timer_format_version": "0.1.0",
        "start_time_seconds": "1766988909",
        "python_version": "3.10.12 | packaged by Anaconda, Inc. | (main, Jul  5 2023, 19:01:18) [MSC v.1916 64 bit (AMD64)]",
        "command_line_arguments": "D:\\Miniconda\\envs\\mlagents\\Scripts\\mlagents-learn --run-id=walkKamal --force",
        "mlagents_version": "1.2.0.dev0",
        "mlagents_envs_version": "1.2.0.dev0",
        "communication_protocol_version": "1.5.0",
        "pytorch_version": "2.2.2+cu121",
        "numpy_version": "1.23.5",
        "end_time_seconds": "1766989339"
    },
    "total": 430.31953229999635,
    "count": 1,
    "self": 0.006656699988525361,
    "children": {
        "run_training.setup": {
            "total": 0.0440705000073649,
            "count": 1,
            "self": 0.0440705000073649
        },
        "TrainerController.start_learning": {
            "total": 430.26880510000046,
            "count": 1,
            "self": 0.45931900036521256,
            "children": {
                "TrainerController._reset_env": {
                    "total": 15.533476199954748,
                    "count": 1,
                    "self": 15.533476199954748
                },
                "TrainerController.advance": {
                    "total": 413.2883640996879,
                    "count": 35359,
                    "self": 0.4236220010789111,
                    "children": {
                        "env_step": {
                            "total": 353.1349483001977,
                            "count": 35359,
                            "self": 202.8361508937669,
                            "children": {
                                "SubprocessEnvManager._take_step": {
                                    "total": 150.0166804001783,
                                    "count": 35360,
                                    "self": 1.2770534051232971,
                                    "children": {
                                        "TorchPolicy.evaluate": {
                                            "total": 148.739626995055,
                                            "count": 34574,
                                            "self": 148.739626995055
                                        }
                                    }
                                },
                                "workers": {
                                    "total": 0.2821170062525198,
                                    "count": 35358,
                                    "self": 0.0,
                                    "children": {
                                        "worker_root": {
                                            "total": 337.70015249674907,
                                            "count": 35358,
                                            "is_parallel": true,
                                            "self": 245.3490194909391,
                                            "children": {
                                                "steps_from_proto": {
                                                    "total": 0.027841099945362657,
                                                    "count": 2,
                                                    "is_parallel": true,
                                                    "self": 0.001380499976221472,