{"count":1,"self":109.8219776,"total":363.1596295,"children":{"InitializeActuators":{"count":5,"self":0.001001,"total":0.001001,"children":null},"InitializeSensors":{"count":5,"self":0.0010008999999999999,"total":0.0010008999999999999,"children":null},"AgentSendState":{"count":586484,"self":0.7868739,"total":2.8584305999999997,"children":{"CollectObservations":{"count":293245,"self":0.4841917,"total":0.4841917,"children":null},"WriteActionMask":{"count":293245,"self":0.0993348,"total":0.0993348,"children":null},"RequestDecision":{"count":293245,"self":0.41539319999999996,"total":1.4880301999999999,"children":{"AgentInfo.ToProto":{"count":293245,"self":0.4076132,"total":1.0726369999999998,"children":{"GenerateSensorData":{"count":293245,"self":0.66502379999999994,"total":0.66502379999999994,"children":null}}}}}}},"DecideAction":{"count":586484,"self":248.70438399999998,"total":248.70437379999998,"children":null},"AgentAct":{"count":586484,"self":1.7708499999999998,"total":1.7718507,"children":{"AgentInfo.ToProto":{"count":193,"self":0,"total":0.0010008,"children":{"GenerateSensorData":{"count":193,"self":0.0010008,"total":0.0010008,"children":null}}}}},"AgentInfo.ToProto":{"count":160,"self":0,"total":0.0009975,"children":{"GenerateSensorData":{"count":160,"self":0.0009975,"total":0.0009975,"children":null}}}},"gauges":{"Walking.CumulativeReward":{"count":353,"max":-15.4873562,"min":-100.896385,"runningAverage":-80.2545853,"value":-38.9641228,"weightedAverage":-60.36448}},"metadata":{"timer_format_version":"0.1.0","start_time_seconds":"1765252437","unity_version":"6000.0.62f1","command_line_arguments":"D:\\MY UNITY UGLY\\6000.0.62f1\\Editor\\Unity.exe -projectpath D:\\GitHub\\RL-Walking-Prototype\\Prototype Walking -acceptSoftwareTermsForThisRunOnly -useHub -hubIPC -cloudEnvironment production","communication_protocol_version":"1.5.0","com.unity.ml-agents_version":"4.0.0","scene_name":"SampleScene","end_time_seconds":"1765252800"}}