{"count":1,"self":68.6383936,"total":643.2937152,"children":{"InitializeActuators":{"count":5,"self":0.0025507999999999998,"total":0.0025507999999999998,"children":null},"InitializeSensors":{"count":5,"self":0.0009948,"total":0.0009948,"children":null},"AgentSendState":{"count":312817,"self":0.89592699999999992,"total":3.4150452,"children":{"CollectObservations":{"count":312820,"self":0.5741923,"total":0.5741923,"children":null},"WriteActionMask":{"count":312820,"self":0.11794589999999999,"total":0.11794589999999999,"children":null},"RequestDecision":{"count":312820,"self":0.5396398,"total":1.8269799999999998,"children":{"AgentInfo.ToProto":{"count":312820,"self":0.48483149999999997,"total":1.2873402,"children":{"GenerateSensorData":{"count":312820,"self":0.8025087,"total":0.8025087,"children":null}}}}}}},"DecideAction":{"count":312817,"self":569.53712639999992,"total":569.5371428,"children":null},"AgentAct":{"count":312817,"self":1.6910756,"total":1.6930764999999999,"children":{"AgentInfo.ToProto":{"count":91,"self":0.0020009999999999997,"total":0.0020009999999999997,"children":{"GenerateSensorData":{"count":91,"self":0,"total":0,"children":null}}}}},"AgentInfo.ToProto":{"count":376,"self":0.0020078,"total":0.0055117,"children":{"GenerateSensorData":{"count":376,"self":0.0035039,"total":0.0035039,"children":null}}}},"gauges":{"Walking.CumulativeReward":{"count":467,"max":1.213165,"min":-70.8232956,"runningAverage":-26.1829472,"value":-1.30836058,"weightedAverage":-26.7537384}},"metadata":{"timer_format_version":"0.1.0","start_time_seconds":"1764906041","unity_version":"6000.0.62f1","command_line_arguments":"D:\\MY UNITY UGLY\\6000.0.62f1\\Editor\\Unity.exe -projectpath D:\\GitHub\\RL-Walking-Prototype\\Prototype Walking -acceptSoftwareTermsForThisRunOnly -useHub -hubIPC -cloudEnvironment production","communication_protocol_version":"1.5.0","com.unity.ml-agents_version":"4.0.0","scene_name":"SampleScene","end_time_seconds":"1764906684"}}